{
  "sample_rate": 125,
  "downsample_hz": 1,
  "duration_s": 1800,
  "target_len": 1800,
  "ppg_shape": [
    91,
    1800,
    1
  ],
  "imu_shape": [
    91,
    1800,
    6
  ],
  "ppg_scaler": {
    "median": [
      1522.864013671875
    ],
    "iqr": [
      433.0780029296875
    ]
  },
  "imu_scaler": {
    "median": [
      -329.51202392578125,
      1573.9119873046875,
      15615.4521484375,
      -17.631999969482422,
      89.64800262451172,
      1.656000018119812
    ],
    "iqr": [
      6114.81591796875,
      10406.508178710938,
      7108.29345703125,
      82.21600151062012,
      112.23400402069092,
      8.559999942779541
    ]
  }
}